{
  "type": "object",
  "properties": {
    "company": {
      "type": "string"
    },
    "website": {
      "type": "string"
    },
    "country": {
      "type": [
        "string",
        "null"
      ]
    },
    "description": {
      "type": [
        "string",
        "null"
      ]
    },
    "status": {
      "type": "string",
      "enum": [
        "ok",
        "not_found",
        "ambiguous"
      ]
    },
    "sources": {
      "type": "array",
      "items": {
        "type": "object",
        "properties": {
          "url": {
            "type": "string"
          },
          "title": {
            "type": [
              "string",
              "null"
            ]
          }
        },
        "required": [
          "url"
        ]
      }
    }
  },
  "required": [
    "company",
    "website",
    "status",
    "sources"
  ]
}